"","Site","Sample","season","scientific","Abundance.m2","oys.density","moys.density"
"1",2,1,"f","Gammaridae",195.3125,0,4.82539682539683
"2",2,1,"s","Gammaridae",651.041666666667,0,0
"3",2,1,"u","Gammaridae",121.527777777778,0,0
"4",2,1,"w","Gammaridae",416.666666666667,0,0
"5",2,1,"f","Lysianassidae",8.68055555555556,0,4.82539682539683
"6",2,1,"f","Corophiidae",82.4652777777778,0,4.82539682539683
"7",2,1,"s","Corophiidae",151.909722222222,0,0
"8",2,1,"u","Corophiidae",65.1041666666667,0,0
"9",2,1,"w","Corophiidae",30.3819444444444,0,0
"10",2,1,"s","Ampelisca abdita",13.0208333333333,0,0
"11",2,1,"w","Ampelisca abdita",8.68055555555556,0,0
"12",2,1,"f","Eurypanopeus depressus",190.972222222222,0,4.82539682539683
"13",2,1,"s","Eurypanopeus depressus",73.7847222222222,0,0
"14",2,1,"u","Eurypanopeus depressus",52.0833333333333,0,0
"15",2,1,"w","Eurypanopeus depressus",8.68055555555556,0,0
"16",2,1,"f","Callinectes sapidus",52.0833333333333,0,4.82539682539683
"17",2,1,"s","Callinectes sapidus",17.3611111111111,0,0
"18",2,1,"u","Callinectes sapidus",82.4652777777778,0,0
"19",2,1,"w","Callinectes sapidus",21.7013888888889,0,0
"20",2,1,"w","Fundulus grandis",8.68055555555556,0,0
"21",2,1,"f","Gobiosoma bosc/robustum",78.125,0,4.82539682539683
"22",2,1,"s","Gobiosoma bosc/robustum",21.7013888888889,0,0
"23",2,1,"u","Gobiosoma bosc/robustum",99.8263888888889,0,0
"24",2,1,"f","Gobiesox strumosus",4.34027777777778,0,4.82539682539683
"25",2,1,"s","Gobiesox strumosus",13.0208333333333,0,0
"26",2,1,"u","Gobiesox strumosus",4.34027777777778,0,0
"27",2,1,"f","Isopoda Anthuridae",4.34027777777778,0,4.82539682539683
"28",2,1,"s","Loxothylacus panopaei",4.34027777777778,0,0
"29",2,1,"f","Alitta succinea",17.3611111111111,0,4.82539682539683
"30",2,1,"s","Alitta succinea",21.7013888888889,0,0
"31",2,1,"u","Alitta succinea",30.3819444444444,0,0
"32",2,1,"w","Alitta succinea",82.4652777777778,0,0
"33",2,1,"f","Palaemonetes ",108.506944444444,0,4.82539682539683
"34",2,1,"s","Palaemonetes ",138.888888888889,0,0
"35",2,1,"u","Palaemonetes ",264.756944444444,0,0
"36",2,1,"w","Palaemonetes ",234.375,0,0
"37",2,1,"f","Alpheidae",4.34027777777778,0,4.82539682539683
"38",2,1,"f","Penaeus setiferus",4.34027777777778,0,4.82539682539683
"39",2,2,"f","Gammaridae",217.013888888889,16,4.82539682539683
"40",2,2,"s","Gammaridae",837.673611111111,0,0
"41",2,2,"f","Lysianassidae",4.34027777777778,16,4.82539682539683
"42",2,2,"f","Corophiidae",60.7638888888889,16,4.82539682539683
"43",2,2,"s","Corophiidae",477.430555555556,0,0
"44",2,2,"s","Ampelisca abdita",4.34027777777778,0,0
"45",2,2,"f","Eurypanopeus depressus",186.631944444444,16,4.82539682539683
"46",2,2,"s","Eurypanopeus depressus",30.3819444444444,0,0
"47",2,2,"f","Callinectes sapidus",34.7222222222222,16,4.82539682539683
"48",2,2,"s","Callinectes sapidus",30.3819444444444,0,0
"49",2,2,"f","Gobiosoma bosc/robustum",91.1458333333333,16,4.82539682539683
"50",2,2,"s","Gobiosoma bosc/robustum",34.7222222222222,0,0
"51",2,2,"s","Gobiesox strumosus",8.68055555555556,0,0
"52",2,2,"s","Myrophis punctatus",8.68055555555556,0,0
"53",2,2,"s","Isopoda Idoteidae",13.0208333333333,0,0
"54",2,2,"f","Isopoda Anthuridae",13.0208333333333,16,4.82539682539683
"55",2,2,"f","Isopoda Ancinidae",4.34027777777778,16,4.82539682539683
"56",2,2,"s","Loxothylacus panopaei",4.34027777777778,0,0
"57",2,2,"f","Alitta succinea",60.7638888888889,16,4.82539682539683
"58",2,2,"s","Alitta succinea",78.125,0,0
"59",2,2,"f","Palaemonetes ",95.4861111111111,16,4.82539682539683
"60",2,2,"s","Palaemonetes ",130.208333333333,0,0
"61",2,2,"f","Penaeus setiferus",4.34027777777778,16,4.82539682539683
"62",2,3,"f","Gammaridae",108.506944444444,16,4.82539682539683
"63",2,3,"u","Gammaridae",195.3125,0,0
"64",2,3,"w","Gammaridae",334.201388888889,0,0
"65",2,3,"f","Lysianassidae",21.7013888888889,16,4.82539682539683
"66",2,3,"f","Corophiidae",230.034722222222,16,4.82539682539683
"67",2,3,"u","Corophiidae",429.6875,0,0
"68",2,3,"w","Corophiidae",130.208333333333,0,0
"69",2,3,"f","Eurypanopeus depressus",147.569444444444,16,4.82539682539683
"70",2,3,"u","Eurypanopeus depressus",52.0833333333333,0,0
"71",2,3,"w","Eurypanopeus depressus",8.68055555555556,0,0
"72",2,3,"f","Callinectes sapidus",47.7430555555556,16,4.82539682539683
"73",2,3,"u","Callinectes sapidus",104.166666666667,0,0
"74",2,3,"w","Callinectes sapidus",4.34027777777778,0,0
"75",2,3,"f","Gobiosoma bosc/robustum",86.8055555555556,16,4.82539682539683
"76",2,3,"u","Gobiosoma bosc/robustum",121.527777777778,0,0
"77",2,3,"w","Gobiosoma bosc/robustum",13.0208333333333,0,0
"78",2,3,"u","Gobiesox strumosus",8.68055555555556,0,0
"79",2,3,"w","Isopoda Anthuridae",4.34027777777778,0,0
"80",2,3,"u","Isopoda Ancinidae",4.34027777777778,0,0
"81",2,3,"w","Isopoda Ancinidae",13.0208333333333,0,0
"82",2,3,"w","Probopyrus pandalicola",4.34027777777778,0,0
"83",2,3,"f","Alitta succinea",95.4861111111111,16,4.82539682539683
"84",2,3,"u","Alitta succinea",21.7013888888889,0,0
"85",2,3,"w","Alitta succinea",104.166666666667,0,0
"86",2,3,"f","Palaemonetes ",138.888888888889,16,4.82539682539683
"87",2,3,"u","Palaemonetes ",308.159722222222,0,0
"88",2,3,"w","Palaemonetes ",434.027777777778,0,0
"89",2,4,"f","Gammaridae",286.458333333333,0,4.82539682539683
"90",2,4,"s","Gammaridae",594.618055555556,0,0
"91",2,4,"u","Gammaridae",1141.49305555556,0,0
"92",2,4,"w","Gammaridae",212.673611111111,0,0
"93",2,4,"f","Corophiidae",56.4236111111111,0,4.82539682539683
"94",2,4,"s","Corophiidae",21.7013888888889,0,0
"95",2,4,"u","Corophiidae",95.4861111111111,0,0
"96",2,4,"w","Corophiidae",69.4444444444444,0,0
"97",2,4,"s","Ampelisca abdita",4.34027777777778,0,0
"98",2,4,"f","Mulinia lateralis",8.68055555555556,0,4.82539682539683
"99",2,4,"u","Mulinia lateralis",4.34027777777778,0,0
"100",2,4,"u","Diptera Chironomidae",13.0208333333333,0,0
"101",2,4,"f","Eurypanopeus depressus",316.840277777778,0,4.82539682539683
"102",2,4,"s","Eurypanopeus depressus",30.3819444444444,0,0
"103",2,4,"u","Eurypanopeus depressus",30.3819444444444,0,0
"104",2,4,"w","Eurypanopeus depressus",21.7013888888889,0,0
"105",2,4,"f","Callinectes sapidus",34.7222222222222,0,4.82539682539683
"106",2,4,"s","Callinectes sapidus",21.7013888888889,0,0
"107",2,4,"u","Callinectes sapidus",78.125,0,0
"108",2,4,"w","Callinectes sapidus",8.68055555555556,0,0
"109",2,4,"w","Fundulus grandis",4.34027777777778,0,0
"110",2,4,"f","Gobiosoma bosc/robustum",91.1458333333333,0,4.82539682539683
"111",2,4,"s","Gobiosoma bosc/robustum",34.7222222222222,0,0
"112",2,4,"u","Gobiosoma bosc/robustum",99.8263888888889,0,0
"113",2,4,"w","Gobiosoma bosc/robustum",34.7222222222222,0,0
"114",2,4,"u","Gobiesox strumosus",4.34027777777778,0,0
"115",2,4,"w","Gobiesox strumosus",8.68055555555556,0,0
"116",2,4,"u","Hypsoblennius hentz",4.34027777777778,0,0
"117",2,4,"u","Hypsoblennius ionthas",13.0208333333333,0,0
"118",2,4,"s","Vitta usnea",4.34027777777778,0,0
"119",2,4,"s","Isopoda Anthuridae",4.34027777777778,0,0
"120",2,4,"f","Alitta succinea",52.0833333333333,0,4.82539682539683
"121",2,4,"s","Alitta succinea",4.34027777777778,0,0
"122",2,4,"u","Alitta succinea",17.3611111111111,0,0
"123",2,4,"w","Alitta succinea",91.1458333333333,0,0
"124",2,4,"f","Palaemonetes ",117.1875,0,4.82539682539683
"125",2,4,"s","Palaemonetes ",30.3819444444444,0,0
"126",2,4,"u","Palaemonetes ",338.541666666667,0,0
"127",2,4,"w","Palaemonetes ",703.125,0,0
"128",2,4,"f","Penaeus setiferus",4.34027777777778,0,4.82539682539683
"129",2,5,"f","Gammaridae",108.506944444444,0,4.82539682539683
"130",2,5,"s","Gammaridae",169.270833333333,0,0
"131",2,5,"u","Gammaridae",598.958333333333,0,0
"132",2,5,"w","Gammaridae",303.819444444444,0,0
"133",2,5,"f","Lysianassidae",8.68055555555556,0,4.82539682539683
"134",2,5,"f","Corophiidae",108.506944444444,0,4.82539682539683
"135",2,5,"s","Corophiidae",34.7222222222222,0,0
"136",2,5,"u","Corophiidae",95.4861111111111,0,0
"137",2,5,"w","Corophiidae",60.7638888888889,0,0
"138",2,5,"s","Ampelisca abdita",4.34027777777778,0,0
"139",2,5,"s","Diptera Chironomidae",4.34027777777778,0,0
"140",2,5,"f","Eurypanopeus depressus",195.3125,0,4.82539682539683
"141",2,5,"s","Eurypanopeus depressus",43.4027777777778,0,0
"142",2,5,"u","Eurypanopeus depressus",34.7222222222222,0,0
"143",2,5,"w","Eurypanopeus depressus",86.8055555555556,0,0
"144",2,5,"f","Callinectes sapidus",21.7013888888889,0,4.82539682539683
"145",2,5,"s","Callinectes sapidus",13.0208333333333,0,0
"146",2,5,"u","Callinectes sapidus",138.888888888889,0,0
"147",2,5,"w","Callinectes sapidus",4.34027777777778,0,0
"148",2,5,"f","Gobiosoma bosc/robustum",99.8263888888889,0,4.82539682539683
"149",2,5,"s","Gobiosoma bosc/robustum",65.1041666666667,0,0
"150",2,5,"u","Gobiosoma bosc/robustum",108.506944444444,0,0
"151",2,5,"w","Gobiosoma bosc/robustum",26.0416666666667,0,0
"152",2,5,"s","Gobiesox strumosus",13.0208333333333,0,0
"153",2,5,"u","Gobiesox strumosus",13.0208333333333,0,0
"154",2,5,"f","Hypsoblennius ionthas",4.34027777777778,0,4.82539682539683
"155",2,5,"u","Hypsoblennius ionthas",8.68055555555556,0,0
"156",2,5,"f","Isopoda Idoteidae",4.34027777777778,0,4.82539682539683
"157",2,5,"s","Isopoda Idoteidae",4.34027777777778,0,0
"158",2,5,"u","Isopoda Idoteidae",4.34027777777778,0,0
"159",2,5,"w","Nemertea",8.68055555555556,0,0
"160",2,5,"w","Probopyrus pandalicola",4.34027777777778,0,0
"161",2,5,"f","Alitta succinea",39.0625,0,4.82539682539683
"162",2,5,"s","Alitta succinea",60.7638888888889,0,0
"163",2,5,"u","Alitta succinea",34.7222222222222,0,0
"164",2,5,"w","Alitta succinea",52.0833333333333,0,0
"165",2,5,"f","Palaemonetes ",69.4444444444444,0,4.82539682539683
"166",2,5,"s","Palaemonetes ",21.7013888888889,0,0
"167",2,5,"u","Palaemonetes ",290.798611111111,0,0
"168",2,5,"w","Palaemonetes ",47.7430555555556,0,0
"169",2,5,"f","Alpheidae",8.68055555555556,0,4.82539682539683
"170",2,5,"w","Alpheidae",4.34027777777778,0,0
"171",2,5,"u","Penaeus aztecus",8.68055555555556,0,0
"172",2,5,"f","Penaeus setiferus",13.0208333333333,0,4.82539682539683
"173",2,6,"f","Gammaridae",3020.83333333333,0,4.82539682539683
"174",2,6,"s","Gammaridae",186.631944444444,0,0
"175",2,6,"u","Gammaridae",529.513888888889,0,0
"176",2,6,"w","Gammaridae",546.875,0,0
"177",2,6,"f","Lysianassidae",52.0833333333333,0,4.82539682539683
"178",2,6,"f","Corophiidae",3559.02777777778,0,4.82539682539683
"179",2,6,"s","Corophiidae",47.7430555555556,0,0
"180",2,6,"u","Corophiidae",125.868055555556,0,0
"181",2,6,"w","Corophiidae",217.013888888889,0,0
"182",2,6,"s","Ampelisca abdita",4.34027777777778,0,0
"183",2,6,"f","Mulinia lateralis",4.34027777777778,0,4.82539682539683
"184",2,6,"s","Diptera Chironomidae",17.3611111111111,0,0
"185",2,6,"f","Eurypanopeus depressus",160.590277777778,0,4.82539682539683
"186",2,6,"s","Eurypanopeus depressus",91.1458333333333,0,0
"187",2,6,"u","Eurypanopeus depressus",39.0625,0,0
"188",2,6,"w","Eurypanopeus depressus",56.4236111111111,0,0
"189",2,6,"f","Callinectes sapidus",43.4027777777778,0,4.82539682539683
"190",2,6,"s","Callinectes sapidus",21.7013888888889,0,0
"191",2,6,"u","Callinectes sapidus",60.7638888888889,0,0
"192",2,6,"f","Gobiosoma bosc/robustum",56.4236111111111,0,4.82539682539683
"193",2,6,"s","Gobiosoma bosc/robustum",60.7638888888889,0,0
"194",2,6,"u","Gobiosoma bosc/robustum",195.3125,0,0
"195",2,6,"w","Gobiosoma bosc/robustum",21.7013888888889,0,0
"196",2,6,"s","Gobiesox strumosus",13.0208333333333,0,0
"197",2,6,"u","Gobiesox strumosus",8.68055555555556,0,0
"198",2,6,"u","Hypsoblennius ionthas",4.34027777777778,0,0
"199",2,6,"f","Vitta usnea",4.34027777777778,0,4.82539682539683
"200",2,6,"s","Isopoda Anthuridae",13.0208333333333,0,0
"201",2,6,"s","Nemertea",4.34027777777778,0,0
"202",2,6,"s","Loxothylacus panopaei",4.34027777777778,0,0
"203",2,6,"f","Alitta succinea",34.7222222222222,0,4.82539682539683
"204",2,6,"s","Alitta succinea",104.166666666667,0,0
"205",2,6,"u","Alitta succinea",13.0208333333333,0,0
"206",2,6,"w","Alitta succinea",82.4652777777778,0,0
"207",2,6,"f","Palaemonetes ",173.611111111111,0,4.82539682539683
"208",2,6,"s","Palaemonetes ",34.7222222222222,0,0
"209",2,6,"u","Palaemonetes ",282.118055555556,0,0
"210",2,6,"w","Palaemonetes ",26.0416666666667,0,0
"211",2,6,"f","Penaeus setiferus",17.3611111111111,0,4.82539682539683
"212",2,7,"s","Gammaridae",542.534722222222,0,0
"213",2,7,"u","Gammaridae",264.756944444444,0,0
"214",2,7,"w","Gammaridae",190.972222222222,0,0
"215",2,7,"s","Corophiidae",52.0833333333333,0,0
"216",2,7,"u","Corophiidae",82.4652777777778,0,0
"217",2,7,"w","Corophiidae",104.166666666667,0,0
"218",2,7,"s","Ampelisca abdita",4.34027777777778,0,0
"219",2,7,"u","Diptera Chironomidae",4.34027777777778,0,0
"220",2,7,"s","Eurypanopeus depressus",34.7222222222222,0,0
"221",2,7,"u","Eurypanopeus depressus",43.4027777777778,0,0
"222",2,7,"w","Eurypanopeus depressus",30.3819444444444,0,0
"223",2,7,"u","Callinectes sapidus",52.0833333333333,0,0
"224",2,7,"w","Callinectes sapidus",8.68055555555556,0,0
"225",2,7,"s","Gobiosoma bosc/robustum",56.4236111111111,0,0
"226",2,7,"u","Gobiosoma bosc/robustum",39.0625,0,0
"227",2,7,"w","Gobiosoma bosc/robustum",34.7222222222222,0,0
"228",2,7,"s","Gobiesox strumosus",4.34027777777778,0,0
"229",2,7,"u","Gobiesox strumosus",13.0208333333333,0,0
"230",2,7,"w","Myrophis punctatus",4.34027777777778,0,0
"231",2,7,"s","Isopoda Anthuridae",8.68055555555556,0,0
"232",2,7,"w","Probopyrus pandalicola",4.34027777777778,0,0
"233",2,7,"s","Alitta succinea",17.3611111111111,0,0
"234",2,7,"u","Alitta succinea",13.0208333333333,0,0
"235",2,7,"w","Alitta succinea",86.8055555555556,0,0
"236",2,7,"s","Palaemonetes ",65.1041666666667,0,0
"237",2,7,"u","Palaemonetes ",364.583333333333,0,0
"238",2,7,"w","Palaemonetes ",156.25,0,0
"239",2,7,"u","Alpheidae",4.34027777777778,0,0
"240",3,1,"f","Gammaridae",125.868055555556,176,130.742857142857
"241",3,1,"s","Gammaridae",1124.13194444444,96,44.4137931034483
"242",3,1,"u","Gammaridae",798.611111111111,112,75.1780821917808
"243",3,1,"f","Lysianassidae",642.361111111111,176,130.742857142857
"244",3,1,"f","Corophiidae",4231.77083333333,176,130.742857142857
"245",3,1,"s","Corophiidae",282.118055555556,96,44.4137931034483
"246",3,1,"u","Corophiidae",5308.15972222222,112,75.1780821917808
"247",3,1,"u","Diptera Chironomidae",17.3611111111111,112,75.1780821917808
"248",3,1,"f","Eurypanopeus depressus",247.395833333333,176,130.742857142857
"249",3,1,"s","Eurypanopeus depressus",26.0416666666667,96,44.4137931034483
"250",3,1,"u","Eurypanopeus depressus",30.3819444444444,112,75.1780821917808
"251",3,1,"f","Callinectes sapidus",21.7013888888889,176,130.742857142857
"252",3,1,"u","Callinectes sapidus",65.1041666666667,112,75.1780821917808
"253",3,1,"u","Ctenogobius boleosoma",17.3611111111111,112,75.1780821917808
"254",3,1,"f","Gobiosoma bosc/robustum",65.1041666666667,176,130.742857142857
"255",3,1,"s","Gobiosoma bosc/robustum",8.68055555555556,96,44.4137931034483
"256",3,1,"u","Gobiosoma bosc/robustum",30.3819444444444,112,75.1780821917808
"257",3,1,"f","Gobiesox strumosus",8.68055555555556,176,130.742857142857
"258",3,1,"s","Gobiesox strumosus",13.0208333333333,96,44.4137931034483
"259",3,1,"u","Gobiesox strumosus",26.0416666666667,112,75.1780821917808
"260",3,1,"u","Hypsoblennius hentz",4.34027777777778,112,75.1780821917808
"261",3,1,"u","Hypsoblennius ionthas",13.0208333333333,112,75.1780821917808
"262",3,1,"s","Nemertea",8.68055555555556,96,44.4137931034483
"263",3,1,"f","Alitta succinea",21.7013888888889,176,130.742857142857
"264",3,1,"s","Alitta succinea",86.8055555555556,96,44.4137931034483
"265",3,1,"u","Alitta succinea",217.013888888889,112,75.1780821917808
"266",3,1,"f","Palaemonetes ",221.354166666667,176,130.742857142857
"267",3,1,"s","Palaemonetes ",134.548611111111,96,44.4137931034483
"268",3,1,"u","Palaemonetes ",373.263888888889,112,75.1780821917808
"269",3,1,"f","Alpheidae",4.34027777777778,176,130.742857142857
"270",3,1,"f","Penaeus setiferus",47.7430555555556,176,130.742857142857
"271",3,2,"f","Gammaridae",1592.88194444444,96,130.742857142857
"272",3,2,"s","Gammaridae",15802.9513888889,64,44.4137931034483
"273",3,2,"u","Gammaridae",664.0625,0,75.1780821917808
"274",3,2,"w","Gammaridae",572.916666666667,144,122.810810810811
"275",3,2,"f","Corophiidae",1388.88888888889,96,130.742857142857
"276",3,2,"s","Corophiidae",2543.40277777778,64,44.4137931034483
"277",3,2,"u","Corophiidae",807.291666666667,0,75.1780821917808
"278",3,2,"w","Corophiidae",208.333333333333,144,122.810810810811
"279",3,2,"s","Mulinia lateralis",4.34027777777778,64,44.4137931034483
"280",3,2,"u","Diptera Chironomidae",8.68055555555556,0,75.1780821917808
"281",3,2,"f","Eurypanopeus depressus",82.4652777777778,96,130.742857142857
"282",3,2,"s","Eurypanopeus depressus",65.1041666666667,64,44.4137931034483
"283",3,2,"u","Eurypanopeus depressus",17.3611111111111,0,75.1780821917808
"284",3,2,"w","Eurypanopeus depressus",43.4027777777778,144,122.810810810811
"285",3,2,"u","Callinectes sapidus",30.3819444444444,0,75.1780821917808
"286",3,2,"u","Opsanus beta",13.0208333333333,0,75.1780821917808
"287",3,2,"f","Ctenogobius boleosoma",8.68055555555556,96,130.742857142857
"288",3,2,"u","Ctenogobius boleosoma",13.0208333333333,0,75.1780821917808
"289",3,2,"w","Fundulus grandis",4.34027777777778,144,122.810810810811
"290",3,2,"f","Gobiosoma bosc/robustum",43.4027777777778,96,130.742857142857
"291",3,2,"s","Gobiosoma bosc/robustum",21.7013888888889,64,44.4137931034483
"292",3,2,"u","Gobiosoma bosc/robustum",17.3611111111111,0,75.1780821917808
"293",3,2,"f","Gobiesox strumosus",4.34027777777778,96,130.742857142857
"294",3,2,"s","Gobiesox strumosus",13.0208333333333,64,44.4137931034483
"295",3,2,"u","Gobiesox strumosus",17.3611111111111,0,75.1780821917808
"296",3,2,"f","Hypsoblennius ionthas",4.34027777777778,96,130.742857142857
"297",3,2,"u","Hypsoblennius ionthas",4.34027777777778,0,75.1780821917808
"298",3,2,"s","Isopoda Anthuridae",43.4027777777778,64,44.4137931034483
"299",3,2,"u","Isopoda Ancinidae",8.68055555555556,0,75.1780821917808
"300",3,2,"s","Nemertea",4.34027777777778,64,44.4137931034483
"301",3,2,"s","Loxothylacus panopaei",4.34027777777778,64,44.4137931034483
"302",3,2,"f","Alitta succinea",13.0208333333333,96,130.742857142857
"303",3,2,"s","Alitta succinea",112.847222222222,64,44.4137931034483
"304",3,2,"u","Alitta succinea",47.7430555555556,0,75.1780821917808
"305",3,2,"w","Alitta succinea",52.0833333333333,144,122.810810810811
"306",3,2,"f","Palaemonetes ",169.270833333333,96,130.742857142857
"307",3,2,"s","Palaemonetes ",47.7430555555556,64,44.4137931034483
"308",3,2,"u","Palaemonetes ",308.159722222222,0,75.1780821917808
"309",3,2,"w","Palaemonetes ",104.166666666667,144,122.810810810811
"310",3,2,"f","Penaeus setiferus",43.4027777777778,96,130.742857142857
"311",3,3,"s","Gammaridae",4657.11805555556,64,44.4137931034483
"312",3,3,"u","Gammaridae",763.888888888889,112,75.1780821917808
"313",3,3,"w","Gammaridae",429.6875,64,122.810810810811
"314",3,3,"s","Corophiidae",1414.93055555556,64,44.4137931034483
"315",3,3,"u","Corophiidae",225.694444444444,112,75.1780821917808
"316",3,3,"w","Corophiidae",99.8263888888889,64,122.810810810811
"317",3,3,"s","Eurypanopeus depressus",21.7013888888889,64,44.4137931034483
"318",3,3,"u","Eurypanopeus depressus",47.7430555555556,112,75.1780821917808
"319",3,3,"w","Eurypanopeus depressus",21.7013888888889,64,122.810810810811
"320",3,3,"s","Callinectes sapidus",4.34027777777778,64,44.4137931034483
"321",3,3,"u","Callinectes sapidus",39.0625,112,75.1780821917808
"322",3,3,"u","Ctenogobius boleosoma",13.0208333333333,112,75.1780821917808
"323",3,3,"s","Gobiosoma bosc/robustum",8.68055555555556,64,44.4137931034483
"324",3,3,"u","Gobiosoma bosc/robustum",39.0625,112,75.1780821917808
"325",3,3,"w","Gobiosoma bosc/robustum",4.34027777777778,64,122.810810810811
"326",3,3,"s","Gobiesox strumosus",65.1041666666667,64,44.4137931034483
"327",3,3,"u","Gobiesox strumosus",21.7013888888889,112,75.1780821917808
"328",3,3,"u","Myrophis punctatus",4.34027777777778,112,75.1780821917808
"329",3,3,"u","Hypsoblennius ionthas",4.34027777777778,112,75.1780821917808
"330",3,3,"s","Nemertea",4.34027777777778,64,44.4137931034483
"331",3,3,"s","Alitta succinea",60.7638888888889,64,44.4137931034483
"332",3,3,"u","Alitta succinea",52.0833333333333,112,75.1780821917808
"333",3,3,"w","Alitta succinea",30.3819444444444,64,122.810810810811
"334",3,3,"s","Palaemonetes ",47.7430555555556,64,44.4137931034483
"335",3,3,"u","Palaemonetes ",520.833333333333,112,75.1780821917808
"336",3,3,"w","Palaemonetes ",78.125,64,122.810810810811
"337",3,3,"u","Alpheidae",4.34027777777778,112,75.1780821917808
"338",3,3,"u","Penaeus aztecus",4.34027777777778,112,75.1780821917808
"339",3,3,"s","Crepidula atrasolea",8.68055555555556,64,44.4137931034483
"340",3,4,"f","Gammaridae",5889.75694444444,208,130.742857142857
"341",3,4,"s","Gammaridae",1744.79166666667,32,44.4137931034483
"342",3,4,"w","Gammaridae",733.506944444444,160,122.810810810811
"343",3,4,"f","Lysianassidae",902.777777777778,208,130.742857142857
"344",3,4,"f","Corophiidae",347.222222222222,208,130.742857142857
"345",3,4,"s","Corophiidae",750.868055555556,32,44.4137931034483
"346",3,4,"w","Corophiidae",286.458333333333,160,122.810810810811
"347",3,4,"f","Eurypanopeus depressus",230.034722222222,208,130.742857142857
"348",3,4,"s","Eurypanopeus depressus",47.7430555555556,32,44.4137931034483
"349",3,4,"w","Eurypanopeus depressus",21.7013888888889,160,122.810810810811
"350",3,4,"f","Callinectes sapidus",30.3819444444444,208,130.742857142857
"351",3,4,"s","Callinectes sapidus",4.34027777777778,32,44.4137931034483
"352",3,4,"f","Ctenogobius boleosoma",4.34027777777778,208,130.742857142857
"353",3,4,"f","Gobiosoma bosc/robustum",26.0416666666667,208,130.742857142857
"354",3,4,"s","Gobiosoma bosc/robustum",13.0208333333333,32,44.4137931034483
"355",3,4,"w","Gobiosoma bosc/robustum",4.34027777777778,160,122.810810810811
"356",3,4,"s","Gobiesox strumosus",47.7430555555556,32,44.4137931034483
"357",3,4,"f","Hypsoblennius hentz",4.34027777777778,208,130.742857142857
"358",3,4,"s","Isopoda Anthuridae",8.68055555555556,32,44.4137931034483
"359",3,4,"w","Isopoda Anthuridae",30.3819444444444,160,122.810810810811
"360",3,4,"s","Nemertea",17.3611111111111,32,44.4137931034483
"361",3,4,"w","Probopyrus pandalicola",4.34027777777778,160,122.810810810811
"362",3,4,"f","Alitta succinea",52.0833333333333,208,130.742857142857
"363",3,4,"s","Alitta succinea",47.7430555555556,32,44.4137931034483
"364",3,4,"w","Alitta succinea",30.3819444444444,160,122.810810810811
"365",3,4,"f","Palaemonetes ",108.506944444444,208,130.742857142857
"366",3,4,"s","Palaemonetes ",91.1458333333333,32,44.4137931034483
"367",3,4,"w","Palaemonetes ",104.166666666667,160,122.810810810811
"368",3,4,"f","Penaeus setiferus",17.3611111111111,208,130.742857142857
"369",3,5,"f","Gammaridae",282.118055555556,64,130.742857142857
"370",3,5,"u","Gammaridae",1024.30555555556,0,75.1780821917808
"371",3,5,"w","Gammaridae",737.847222222222,32,122.810810810811
"372",3,5,"f","Lysianassidae",8.68055555555556,64,130.742857142857
"373",3,5,"f","Corophiidae",160.590277777778,64,130.742857142857
"374",3,5,"u","Corophiidae",26.0416666666667,0,75.1780821917808
"375",3,5,"w","Corophiidae",82.4652777777778,32,122.810810810811
"376",3,5,"f","Eurypanopeus depressus",455.729166666667,64,130.742857142857
"377",3,5,"u","Eurypanopeus depressus",69.4444444444444,0,75.1780821917808
"378",3,5,"w","Eurypanopeus depressus",21.7013888888889,32,122.810810810811
"379",3,5,"f","Callinectes sapidus",73.7847222222222,64,130.742857142857
"380",3,5,"u","Callinectes sapidus",65.1041666666667,0,75.1780821917808
"381",3,5,"u","Opsanus beta",8.68055555555556,0,75.1780821917808
"382",3,5,"f","Ctenogobius boleosoma",13.0208333333333,64,130.742857142857
"383",3,5,"u","Ctenogobius boleosoma",17.3611111111111,0,75.1780821917808
"384",3,5,"f","Gobiosoma bosc/robustum",34.7222222222222,64,130.742857142857
"385",3,5,"u","Gobiosoma bosc/robustum",17.3611111111111,0,75.1780821917808
"386",3,5,"w","Gobiosoma bosc/robustum",4.34027777777778,32,122.810810810811
"387",3,5,"u","Gobiesox strumosus",30.3819444444444,0,75.1780821917808
"388",3,5,"f","Hypsoblennius ionthas",4.34027777777778,64,130.742857142857
"389",3,5,"u","Hypsoblennius ionthas",4.34027777777778,0,75.1780821917808
"390",3,5,"f","Alitta succinea",78.125,64,130.742857142857
"391",3,5,"u","Alitta succinea",47.7430555555556,0,75.1780821917808
"392",3,5,"w","Alitta succinea",17.3611111111111,32,122.810810810811
"393",3,5,"f","Palaemonetes ",56.4236111111111,64,130.742857142857
"394",3,5,"u","Palaemonetes ",603.298611111111,0,75.1780821917808
"395",3,5,"w","Palaemonetes ",47.7430555555556,32,122.810810810811
"396",3,5,"f","Penaeus setiferus",65.1041666666667,64,130.742857142857
"397",3,6,"f","Gammaridae",338.541666666667,144,130.742857142857
"398",3,6,"s","Gammaridae",772.569444444444,0,44.4137931034483
"399",3,6,"u","Gammaridae",429.6875,144,75.1780821917808
"400",3,6,"w","Gammaridae",807.291666666667,144,122.810810810811
"401",3,6,"f","Lysianassidae",4.34027777777778,144,130.742857142857
"402",3,6,"f","Corophiidae",43.4027777777778,144,130.742857142857
"403",3,6,"s","Corophiidae",99.8263888888889,0,44.4137931034483
"404",3,6,"u","Corophiidae",39.0625,144,75.1780821917808
"405",3,6,"w","Corophiidae",273.4375,144,122.810810810811
"406",3,6,"u","Mulinia lateralis",4.34027777777778,144,75.1780821917808
"407",3,6,"f","Diptera Chironomidae",4.34027777777778,144,130.742857142857
"408",3,6,"f","Eurypanopeus depressus",368.923611111111,144,130.742857142857
"409",3,6,"s","Eurypanopeus depressus",26.0416666666667,0,44.4137931034483
"410",3,6,"u","Eurypanopeus depressus",47.7430555555556,144,75.1780821917808
"411",3,6,"w","Eurypanopeus depressus",34.7222222222222,144,122.810810810811
"412",3,6,"f","Callinectes sapidus",65.1041666666667,144,130.742857142857
"413",3,6,"s","Callinectes sapidus",13.0208333333333,0,44.4137931034483
"414",3,6,"u","Callinectes sapidus",34.7222222222222,144,75.1780821917808
"415",3,6,"w","Callinectes sapidus",4.34027777777778,144,122.810810810811
"416",3,6,"f","Ctenogobius boleosoma",8.68055555555556,144,130.742857142857
"417",3,6,"u","Ctenogobius boleosoma",8.68055555555556,144,75.1780821917808
"418",3,6,"f","Gobiosoma bosc/robustum",43.4027777777778,144,130.742857142857
"419",3,6,"s","Gobiosoma bosc/robustum",8.68055555555556,0,44.4137931034483
"420",3,6,"u","Gobiosoma bosc/robustum",13.0208333333333,144,75.1780821917808
"421",3,6,"f","Gobiesox strumosus",4.34027777777778,144,130.742857142857
"422",3,6,"s","Gobiesox strumosus",4.34027777777778,0,44.4137931034483
"423",3,6,"u","Gobiesox strumosus",43.4027777777778,144,75.1780821917808
"424",3,6,"u","Hypsoblennius ionthas",4.34027777777778,144,75.1780821917808
"425",3,6,"s","Isopoda Anthuridae",4.34027777777778,0,44.4137931034483
"426",3,6,"s","Nemertea",8.68055555555556,0,44.4137931034483
"427",3,6,"f","Alitta succinea",39.0625,144,130.742857142857
"428",3,6,"s","Alitta succinea",156.25,0,44.4137931034483
"429",3,6,"u","Alitta succinea",21.7013888888889,144,75.1780821917808
"430",3,6,"w","Alitta succinea",30.3819444444444,144,122.810810810811
"431",3,6,"f","Palaemonetes ",121.527777777778,144,130.742857142857
"432",3,6,"s","Palaemonetes ",56.4236111111111,0,44.4137931034483
"433",3,6,"u","Palaemonetes ",351.5625,144,75.1780821917808
"434",3,6,"w","Palaemonetes ",8.68055555555556,144,122.810810810811
"435",3,6,"f","Alpheidae",4.34027777777778,144,130.742857142857
"436",3,6,"f","Penaeus aztecus",4.34027777777778,144,130.742857142857
"437",3,6,"u","Penaeus aztecus",4.34027777777778,144,75.1780821917808
"438",3,6,"f","Penaeus setiferus",52.0833333333333,144,130.742857142857
"439",3,7,"f","Gammaridae",6762.15277777778,96,130.742857142857
"440",3,7,"s","Gammaridae",238.715277777778,16,44.4137931034483
"441",3,7,"u","Gammaridae",850.694444444444,80,75.1780821917808
"442",3,7,"w","Gammaridae",863.715277777778,192,122.810810810811
"443",3,7,"f","Lysianassidae",26.0416666666667,96,130.742857142857
"444",3,7,"f","Corophiidae",99.8263888888889,96,130.742857142857
"445",3,7,"s","Corophiidae",13.0208333333333,16,44.4137931034483
"446",3,7,"u","Corophiidae",130.208333333333,80,75.1780821917808
"447",3,7,"w","Corophiidae",125.868055555556,192,122.810810810811
"448",3,7,"s","Mytilopsis leucophaeata",4.34027777777778,16,44.4137931034483
"449",3,7,"f","Diptera Chironomidae",4.34027777777778,96,130.742857142857
"450",3,7,"f","Eurypanopeus depressus",373.263888888889,96,130.742857142857
"451",3,7,"s","Eurypanopeus depressus",43.4027777777778,16,44.4137931034483
"452",3,7,"u","Eurypanopeus depressus",47.7430555555556,80,75.1780821917808
"453",3,7,"w","Eurypanopeus depressus",39.0625,192,122.810810810811
"454",3,7,"f","Callinectes sapidus",82.4652777777778,96,130.742857142857
"455",3,7,"s","Callinectes sapidus",13.0208333333333,16,44.4137931034483
"456",3,7,"u","Callinectes sapidus",47.7430555555556,80,75.1780821917808
"457",3,7,"u","Pachygrapsus gracilis",4.34027777777778,80,75.1780821917808
"458",3,7,"f","Ctenogobius boleosoma",26.0416666666667,96,130.742857142857
"459",3,7,"f","Gobiosoma bosc/robustum",47.7430555555556,96,130.742857142857
"460",3,7,"s","Gobiosoma bosc/robustum",13.0208333333333,16,44.4137931034483
"461",3,7,"u","Gobiosoma bosc/robustum",30.3819444444444,80,75.1780821917808
"462",3,7,"f","Gobiesox strumosus",4.34027777777778,96,130.742857142857
"463",3,7,"u","Gobiesox strumosus",26.0416666666667,80,75.1780821917808
"464",3,7,"f","Hypsoblennius hentz",4.34027777777778,96,130.742857142857
"465",3,7,"u","Hypsoblennius ionthas",17.3611111111111,80,75.1780821917808
"466",3,7,"s","Isopoda Idoteidae",4.34027777777778,16,44.4137931034483
"467",3,7,"u","Nemertea",4.34027777777778,80,75.1780821917808
"468",3,7,"f","Alitta succinea",73.7847222222222,96,130.742857142857
"469",3,7,"s","Alitta succinea",34.7222222222222,16,44.4137931034483
"470",3,7,"u","Alitta succinea",26.0416666666667,80,75.1780821917808
"471",3,7,"w","Alitta succinea",47.7430555555556,192,122.810810810811
"472",3,7,"f","Palaemonetes ",60.7638888888889,96,130.742857142857
"473",3,7,"s","Palaemonetes ",104.166666666667,16,44.4137931034483
"474",3,7,"u","Palaemonetes ",564.236111111111,80,75.1780821917808
"475",3,7,"w","Palaemonetes ",30.3819444444444,192,122.810810810811
"476",3,7,"u","Penaeus aztecus",8.68055555555556,80,75.1780821917808
"477",3,7,"f","Penaeus setiferus",73.7847222222222,96,130.742857142857
"478",4,1,"f","Gammaridae",134.548611111111,64,86.7246376811594
"479",4,1,"s","Gammaridae",798.611111111111,112,50.9090909090909
"480",4,1,"u","Gammaridae",203.993055555556,16,48.4848484848485
"481",4,1,"w","Gammaridae",477.430555555556,16,32.6666666666667
"482",4,1,"f","Lysianassidae",8.68055555555556,64,86.7246376811594
"483",4,1,"f","Corophiidae",86.8055555555556,64,86.7246376811594
"484",4,1,"s","Corophiidae",147.569444444444,112,50.9090909090909
"485",4,1,"u","Corophiidae",39.0625,16,48.4848484848485
"486",4,1,"w","Corophiidae",43.4027777777778,16,32.6666666666667
"487",4,1,"u","Mulinia lateralis",4.34027777777778,16,48.4848484848485
"488",4,1,"f","Eurypanopeus depressus",212.673611111111,64,86.7246376811594
"489",4,1,"s","Eurypanopeus depressus",39.0625,112,50.9090909090909
"490",4,1,"u","Eurypanopeus depressus",47.7430555555556,16,48.4848484848485
"491",4,1,"f","Callinectes sapidus",43.4027777777778,64,86.7246376811594
"492",4,1,"s","Callinectes sapidus",4.34027777777778,112,50.9090909090909
"493",4,1,"u","Callinectes sapidus",69.4444444444444,16,48.4848484848485
"494",4,1,"u","Opsanus beta",4.34027777777778,16,48.4848484848485
"495",4,1,"w","Fundulus grandis",47.7430555555556,16,32.6666666666667
"496",4,1,"f","Gobiosoma bosc/robustum",4.34027777777778,64,86.7246376811594
"497",4,1,"s","Gobiosoma bosc/robustum",8.68055555555556,112,50.9090909090909
"498",4,1,"u","Gobiosoma bosc/robustum",78.125,16,48.4848484848485
"499",4,1,"w","Gobiosoma bosc/robustum",8.68055555555556,16,32.6666666666667
"500",4,1,"u","Gobiesox strumosus",34.7222222222222,16,48.4848484848485
"501",4,1,"f","Hypsoblennius ionthas",8.68055555555556,64,86.7246376811594
"502",4,1,"u","Hypsoblennius ionthas",13.0208333333333,16,48.4848484848485
"503",4,1,"w","Fundulus xenicus",4.34027777777778,16,32.6666666666667
"504",4,1,"s","Isopoda Idoteidae",4.34027777777778,112,50.9090909090909
"505",4,1,"f","Isopoda Anthuridae",13.0208333333333,64,86.7246376811594
"506",4,1,"s","Isopoda Anthuridae",8.68055555555556,112,50.9090909090909
"507",4,1,"u","Isopoda Anthuridae",8.68055555555556,16,48.4848484848485
"508",4,1,"s","Nemertea",4.34027777777778,112,50.9090909090909
"509",4,1,"f","Alitta succinea",78.125,64,86.7246376811594
"510",4,1,"s","Alitta succinea",39.0625,112,50.9090909090909
"511",4,1,"u","Alitta succinea",52.0833333333333,16,48.4848484848485
"512",4,1,"w","Alitta succinea",65.1041666666667,16,32.6666666666667
"513",4,1,"f","Palaemonetes ",203.993055555556,64,86.7246376811594
"514",4,1,"s","Palaemonetes ",199.652777777778,112,50.9090909090909
"515",4,1,"u","Palaemonetes ",685.763888888889,16,48.4848484848485
"516",4,1,"w","Palaemonetes ",39.0625,16,32.6666666666667
"517",4,1,"f","Alpheidae",4.34027777777778,64,86.7246376811594
"518",4,1,"f","Penaeus aztecus",4.34027777777778,64,86.7246376811594
"519",4,1,"f","Penaeus setiferus",43.4027777777778,64,86.7246376811594
"520",4,2,"f","Gammaridae",134.548611111111,144,86.7246376811594
"521",4,2,"w","Gammaridae",373.263888888889,112,32.6666666666667
"522",4,2,"f","Lysianassidae",17.3611111111111,144,86.7246376811594
"523",4,2,"f","Corophiidae",78.125,144,86.7246376811594
"524",4,2,"w","Corophiidae",60.7638888888889,112,32.6666666666667
"525",4,2,"f","Eurypanopeus depressus",164.930555555556,144,86.7246376811594
"526",4,2,"w","Eurypanopeus depressus",17.3611111111111,112,32.6666666666667
"527",4,2,"f","Callinectes sapidus",26.0416666666667,144,86.7246376811594
"528",4,2,"w","Fundulus grandis",78.125,112,32.6666666666667
"529",4,2,"f","Gobiosoma bosc/robustum",108.506944444444,144,86.7246376811594
"530",4,2,"w","Gobiosoma bosc/robustum",8.68055555555556,112,32.6666666666667
"531",4,2,"f","Hypsoblennius ionthas",4.34027777777778,144,86.7246376811594
"532",4,2,"w","Ophiuroidea",8.68055555555556,112,32.6666666666667
"533",4,2,"f","Alitta succinea",52.0833333333333,144,86.7246376811594
"534",4,2,"w","Alitta succinea",52.0833333333333,112,32.6666666666667
"535",4,2,"f","Palaemonetes ",164.930555555556,144,86.7246376811594
"536",4,2,"w","Palaemonetes ",17.3611111111111,112,32.6666666666667
"537",4,2,"f","Penaeus setiferus",34.7222222222222,144,86.7246376811594
"538",4,3,"f","Gammaridae",256.076388888889,0,86.7246376811594
"539",4,3,"s","Gammaridae",2035.59027777778,80,50.9090909090909
"540",4,3,"u","Gammaridae",447.048611111111,0,48.4848484848485
"541",4,3,"f","Lysianassidae",8.68055555555556,0,86.7246376811594
"542",4,3,"f","Corophiidae",69.4444444444444,0,86.7246376811594
"543",4,3,"s","Corophiidae",17.3611111111111,80,50.9090909090909
"544",4,3,"u","Corophiidae",47.7430555555556,0,48.4848484848485
"545",4,3,"f","Eurypanopeus depressus",134.548611111111,0,86.7246376811594
"546",4,3,"s","Eurypanopeus depressus",30.3819444444444,80,50.9090909090909
"547",4,3,"u","Eurypanopeus depressus",39.0625,0,48.4848484848485
"548",4,3,"f","Callinectes sapidus",52.0833333333333,0,86.7246376811594
"549",4,3,"u","Callinectes sapidus",65.1041666666667,0,48.4848484848485
"550",4,3,"u","Opsanus beta",4.34027777777778,0,48.4848484848485
"551",4,3,"f","Gobiosoma bosc/robustum",73.7847222222222,0,86.7246376811594
"552",4,3,"s","Gobiosoma bosc/robustum",17.3611111111111,80,50.9090909090909
"553",4,3,"u","Gobiosoma bosc/robustum",52.0833333333333,0,48.4848484848485
"554",4,3,"s","Gobiesox strumosus",4.34027777777778,80,50.9090909090909
"555",4,3,"u","Gobiesox strumosus",17.3611111111111,0,48.4848484848485
"556",4,3,"u","Hypsoblennius ionthas",8.68055555555556,0,48.4848484848485
"557",4,3,"s","Isopoda Idoteidae",4.34027777777778,80,50.9090909090909
"558",4,3,"f","Isopoda Anthuridae",8.68055555555556,0,86.7246376811594
"559",4,3,"s","Isopoda Anthuridae",4.34027777777778,80,50.9090909090909
"560",4,3,"s","Nemertea",4.34027777777778,80,50.9090909090909
"561",4,3,"f","Alitta succinea",99.8263888888889,0,86.7246376811594
"562",4,3,"s","Alitta succinea",26.0416666666667,80,50.9090909090909
"563",4,3,"u","Alitta succinea",4.34027777777778,0,48.4848484848485
"564",4,3,"f","Palaemonetes ",169.270833333333,0,86.7246376811594
"565",4,3,"s","Palaemonetes ",91.1458333333333,80,50.9090909090909
"566",4,3,"u","Palaemonetes ",694.444444444444,0,48.4848484848485
"567",4,3,"f","Penaeus setiferus",121.527777777778,0,86.7246376811594
"568",4,3,"u","Penaeus setiferus",4.34027777777778,0,48.4848484848485
"569",4,4,"f","Gammaridae",1736.11111111111,80,86.7246376811594
"570",4,4,"s","Gammaridae",1219.61805555556,0,50.9090909090909
"571",4,4,"u","Gammaridae",985.243055555556,128,48.4848484848485
"572",4,4,"w","Gammaridae",368.923611111111,16,32.6666666666667
"573",4,4,"f","Corophiidae",894.097222222222,80,86.7246376811594
"574",4,4,"s","Corophiidae",308.159722222222,0,50.9090909090909
"575",4,4,"u","Corophiidae",208.333333333333,128,48.4848484848485
"576",4,4,"w","Corophiidae",8.68055555555556,16,32.6666666666667
"577",4,4,"w","Ameritella mitchelli",4.34027777777778,16,32.6666666666667
"578",4,4,"f","Diptera Chironomidae",4.34027777777778,80,86.7246376811594
"579",4,4,"f","Eurypanopeus depressus",91.1458333333333,80,86.7246376811594
"580",4,4,"s","Eurypanopeus depressus",73.7847222222222,0,50.9090909090909
"581",4,4,"u","Eurypanopeus depressus",34.7222222222222,128,48.4848484848485
"582",4,4,"w","Eurypanopeus depressus",8.68055555555556,16,32.6666666666667
"583",4,4,"f","Callinectes sapidus",47.7430555555556,80,86.7246376811594
"584",4,4,"s","Callinectes sapidus",4.34027777777778,0,50.9090909090909
"585",4,4,"u","Callinectes sapidus",99.8263888888889,128,48.4848484848485
"586",4,4,"w","Fundulus grandis",26.0416666666667,16,32.6666666666667
"587",4,4,"f","Gobiosoma bosc/robustum",78.125,80,86.7246376811594
"588",4,4,"s","Gobiosoma bosc/robustum",17.3611111111111,0,50.9090909090909
"589",4,4,"u","Gobiosoma bosc/robustum",82.4652777777778,128,48.4848484848485
"590",4,4,"w","Gobiosoma bosc/robustum",8.68055555555556,16,32.6666666666667
"591",4,4,"s","Gobiesox strumosus",34.7222222222222,0,50.9090909090909
"592",4,4,"u","Gobiesox strumosus",13.0208333333333,128,48.4848484848485
"593",4,4,"u","Hypsoblennius ionthas",8.68055555555556,128,48.4848484848485
"594",4,4,"s","Isopoda Idoteidae",13.0208333333333,0,50.9090909090909
"595",4,4,"f","Isopoda Anthuridae",52.0833333333333,80,86.7246376811594
"596",4,4,"s","Isopoda Anthuridae",17.3611111111111,0,50.9090909090909
"597",4,4,"f","Isopoda Ancinidae",8.68055555555556,80,86.7246376811594
"598",4,4,"s","Nemertea",4.34027777777778,0,50.9090909090909
"599",4,4,"f","Alitta succinea",47.7430555555556,80,86.7246376811594
"600",4,4,"s","Alitta succinea",104.166666666667,0,50.9090909090909
"601",4,4,"u","Alitta succinea",26.0416666666667,128,48.4848484848485
"602",4,4,"w","Alitta succinea",56.4236111111111,16,32.6666666666667
"603",4,4,"f","Palaemonetes ",121.527777777778,80,86.7246376811594
"604",4,4,"s","Palaemonetes ",130.208333333333,0,50.9090909090909
"605",4,4,"u","Palaemonetes ",1111.11111111111,128,48.4848484848485
"606",4,4,"w","Palaemonetes ",78.125,16,32.6666666666667
"607",4,4,"f","Penaeus aztecus",4.34027777777778,80,86.7246376811594
"608",4,4,"f","Penaeus setiferus",52.0833333333333,80,86.7246376811594
"609",4,4,"u","Penaeus setiferus",8.68055555555556,128,48.4848484848485
"610",4,5,"f","Gammaridae",251.736111111111,96,86.7246376811594
"611",4,5,"s","Gammaridae",4952.25694444444,0,50.9090909090909
"612",4,5,"u","Gammaridae",629.340277777778,128,48.4848484848485
"613",4,5,"w","Gammaridae",290.798611111111,0,32.6666666666667
"614",4,5,"f","Corophiidae",112.847222222222,96,86.7246376811594
"615",4,5,"s","Corophiidae",946.180555555556,0,50.9090909090909
"616",4,5,"u","Corophiidae",225.694444444444,128,48.4848484848485
"617",4,5,"w","Corophiidae",17.3611111111111,0,32.6666666666667
"618",4,5,"f","Eurypanopeus depressus",173.611111111111,96,86.7246376811594
"619",4,5,"s","Eurypanopeus depressus",47.7430555555556,0,50.9090909090909
"620",4,5,"u","Eurypanopeus depressus",60.7638888888889,128,48.4848484848485
"621",4,5,"f","Callinectes sapidus",8.68055555555556,96,86.7246376811594
"622",4,5,"u","Callinectes sapidus",69.4444444444444,128,48.4848484848485
"623",4,5,"u","Opsanus beta",4.34027777777778,128,48.4848484848485
"624",4,5,"w","Fundulus grandis",17.3611111111111,0,32.6666666666667
"625",4,5,"f","Gobiosoma bosc/robustum",95.4861111111111,96,86.7246376811594
"626",4,5,"s","Gobiosoma bosc/robustum",30.3819444444444,0,50.9090909090909
"627",4,5,"u","Gobiosoma bosc/robustum",82.4652777777778,128,48.4848484848485
"628",4,5,"w","Gobiosoma bosc/robustum",4.34027777777778,0,32.6666666666667
"629",4,5,"s","Gobiesox strumosus",8.68055555555556,0,50.9090909090909
"630",4,5,"u","Gobiesox strumosus",39.0625,128,48.4848484848485
"631",4,5,"u","Hypsoblennius hentz",13.0208333333333,128,48.4848484848485
"632",4,5,"u","Hypsoblennius ionthas",8.68055555555556,128,48.4848484848485
"633",4,5,"u","Isopoda Anthuridae",4.34027777777778,128,48.4848484848485
"634",4,5,"s","Nemertea",4.34027777777778,0,50.9090909090909
"635",4,5,"f","Loxothylacus panopaei",4.34027777777778,96,86.7246376811594
"636",4,5,"s","Loxothylacus panopaei",4.34027777777778,0,50.9090909090909
"637",4,5,"f","Alitta succinea",43.4027777777778,96,86.7246376811594
"638",4,5,"s","Alitta succinea",73.7847222222222,0,50.9090909090909
"639",4,5,"u","Alitta succinea",104.166666666667,128,48.4848484848485
"640",4,5,"w","Alitta succinea",30.3819444444444,0,32.6666666666667
"641",4,5,"f","Palaemonetes ",65.1041666666667,96,86.7246376811594
"642",4,5,"s","Palaemonetes ",39.0625,0,50.9090909090909
"643",4,5,"u","Palaemonetes ",429.6875,128,48.4848484848485
"644",4,5,"w","Palaemonetes ",34.7222222222222,0,32.6666666666667
"645",4,5,"w","Alpheidae",4.34027777777778,0,32.6666666666667
"646",4,5,"f","Penaeus aztecus",4.34027777777778,96,86.7246376811594
"647",4,5,"f","Penaeus setiferus",13.0208333333333,96,86.7246376811594
"648",4,5,"w","Penaeus setiferus",4.34027777777778,0,32.6666666666667
"649",4,6,"s","Gammaridae",347.222222222222,0,50.9090909090909
"650",4,6,"u","Gammaridae",1089.40972222222,0,48.4848484848485
"651",4,6,"w","Gammaridae",390.625,48,32.6666666666667
"652",4,6,"s","Corophiidae",39.0625,0,50.9090909090909
"653",4,6,"u","Corophiidae",56.4236111111111,0,48.4848484848485
"654",4,6,"w","Corophiidae",13.0208333333333,48,32.6666666666667
"655",4,6,"s","Ampelisca abdita",4.34027777777778,0,50.9090909090909
"656",4,6,"s","Mulinia lateralis",8.68055555555556,0,50.9090909090909
"657",4,6,"s","Diptera Chironomidae",8.68055555555556,0,50.9090909090909
"658",4,6,"s","Eurypanopeus depressus",60.7638888888889,0,50.9090909090909
"659",4,6,"u","Eurypanopeus depressus",21.7013888888889,0,48.4848484848485
"660",4,6,"w","Eurypanopeus depressus",39.0625,48,32.6666666666667
"661",4,6,"s","Callinectes sapidus",8.68055555555556,0,50.9090909090909
"662",4,6,"u","Callinectes sapidus",91.1458333333333,0,48.4848484848485
"663",4,6,"s","Ctenogobius boleosoma",8.68055555555556,0,50.9090909090909
"664",4,6,"w","Fundulus grandis",34.7222222222222,48,32.6666666666667
"665",4,6,"s","Gobiosoma bosc/robustum",17.3611111111111,0,50.9090909090909
"666",4,6,"u","Gobiosoma bosc/robustum",65.1041666666667,0,48.4848484848485
"667",4,6,"w","Gobiosoma bosc/robustum",21.7013888888889,48,32.6666666666667
"668",4,6,"w","Fundulus pulvereus",8.68055555555556,48,32.6666666666667
"669",4,6,"s","Gobiesox strumosus",13.0208333333333,0,50.9090909090909
"670",4,6,"u","Gobiesox strumosus",21.7013888888889,0,48.4848484848485
"671",4,6,"u","Hypsoblennius hentz",4.34027777777778,0,48.4848484848485
"672",4,6,"s","Isopoda Idoteidae",8.68055555555556,0,50.9090909090909
"673",4,6,"s","Isopoda Anthuridae",13.0208333333333,0,50.9090909090909
"674",4,6,"w","Isopoda Anthuridae",8.68055555555556,48,32.6666666666667
"675",4,6,"s","Isopoda Ancinidae",8.68055555555556,0,50.9090909090909
"676",4,6,"s","Nemertea",13.0208333333333,0,50.9090909090909
"677",4,6,"s","Alitta succinea",78.125,0,50.9090909090909
"678",4,6,"u","Alitta succinea",8.68055555555556,0,48.4848484848485
"679",4,6,"w","Alitta succinea",60.7638888888889,48,32.6666666666667
"680",4,6,"s","Palaemonetes ",26.0416666666667,0,50.9090909090909
"681",4,6,"u","Palaemonetes ",533.854166666667,0,48.4848484848485
"682",4,6,"w","Palaemonetes ",30.3819444444444,48,32.6666666666667
"683",4,7,"f","Gammaridae",112.847222222222,128,86.7246376811594
"684",4,7,"s","Gammaridae",499.131944444444,144,50.9090909090909
"685",4,7,"u","Gammaridae",334.201388888889,16,48.4848484848485
"686",4,7,"w","Gammaridae",312.5,0,32.6666666666667
"687",4,7,"f","Lysianassidae",52.0833333333333,128,86.7246376811594
"688",4,7,"f","Corophiidae",78.125,128,86.7246376811594
"689",4,7,"s","Corophiidae",26.0416666666667,144,50.9090909090909
"690",4,7,"u","Corophiidae",21.7013888888889,16,48.4848484848485
"691",4,7,"w","Corophiidae",73.7847222222222,0,32.6666666666667
"692",4,7,"f","Mulinia lateralis",4.34027777777778,128,86.7246376811594
"693",4,7,"f","Diptera Chironomidae",8.68055555555556,128,86.7246376811594
"694",4,7,"f","Eurypanopeus depressus",407.986111111111,128,86.7246376811594
"695",4,7,"s","Eurypanopeus depressus",17.3611111111111,144,50.9090909090909
"696",4,7,"u","Eurypanopeus depressus",21.7013888888889,16,48.4848484848485
"697",4,7,"w","Eurypanopeus depressus",4.34027777777778,0,32.6666666666667
"698",4,7,"f","Callinectes sapidus",39.0625,128,86.7246376811594
"699",4,7,"s","Callinectes sapidus",30.3819444444444,144,50.9090909090909
"700",4,7,"u","Callinectes sapidus",86.8055555555556,16,48.4848484848485
"701",4,7,"f","Eleotris amblyopsis",4.34027777777778,128,86.7246376811594
"702",4,7,"w","Fundulus grandis",4.34027777777778,0,32.6666666666667
"703",4,7,"f","Gobiosoma bosc/robustum",47.7430555555556,128,86.7246376811594
"704",4,7,"s","Gobiosoma bosc/robustum",26.0416666666667,144,50.9090909090909
"705",4,7,"u","Gobiosoma bosc/robustum",60.7638888888889,16,48.4848484848485
"706",4,7,"w","Gobiosoma bosc/robustum",8.68055555555556,0,32.6666666666667
"707",4,7,"u","Gobiesox strumosus",17.3611111111111,16,48.4848484848485
"708",4,7,"u","Hypsoblennius hentz",4.34027777777778,16,48.4848484848485
"709",4,7,"s","Isopoda Idoteidae",4.34027777777778,144,50.9090909090909
"710",4,7,"f","Isopoda Anthuridae",4.34027777777778,128,86.7246376811594
"711",4,7,"s","Isopoda Anthuridae",8.68055555555556,144,50.9090909090909
"712",4,7,"w","Isopoda Anthuridae",30.3819444444444,0,32.6666666666667
"713",4,7,"u","Nemertea",4.34027777777778,16,48.4848484848485
"714",4,7,"s","Loxothylacus panopaei",4.34027777777778,144,50.9090909090909
"715",4,7,"u","Loxothylacus panopaei",4.34027777777778,16,48.4848484848485
"716",4,7,"f","Alitta succinea",34.7222222222222,128,86.7246376811594
"717",4,7,"s","Alitta succinea",82.4652777777778,144,50.9090909090909
"718",4,7,"u","Alitta succinea",4.34027777777778,16,48.4848484848485
"719",4,7,"w","Alitta succinea",39.0625,0,32.6666666666667
"720",4,7,"f","Palaemonetes ",13.0208333333333,128,86.7246376811594
"721",4,7,"s","Palaemonetes ",39.0625,144,50.9090909090909
"722",4,7,"u","Palaemonetes ",607.638888888889,16,48.4848484848485
"723",4,7,"w","Palaemonetes ",69.4444444444444,0,32.6666666666667
"724",4,7,"f","Alpheidae",8.68055555555556,128,86.7246376811594
"725",4,7,"u","Alpheidae",4.34027777777778,16,48.4848484848485
"726",4,7,"f","Penaeus setiferus",34.7222222222222,128,86.7246376811594
"727",5,1,"f","Gammaridae",390.625,0,43
"728",5,1,"s","Gammaridae",533.854166666667,16,35.0588235294118
"729",5,1,"u","Gammaridae",594.618055555556,0,36.8484848484848
"730",5,1,"w","Gammaridae",837.673611111111,64,27.3846153846154
"731",5,1,"f","Lysianassidae",4.34027777777778,0,43
"732",5,1,"f","Corophiidae",108.506944444444,0,43
"733",5,1,"s","Corophiidae",1666.66666666667,16,35.0588235294118
"734",5,1,"u","Corophiidae",329.861111111111,0,36.8484848484848
"735",5,1,"w","Corophiidae",542.534722222222,64,27.3846153846154
"736",5,1,"s","Ampelisca abdita",26.0416666666667,16,35.0588235294118
"737",5,1,"f","Diptera Chironomidae",4.34027777777778,0,43
"738",5,1,"s","Diptera Chironomidae",43.4027777777778,16,35.0588235294118
"739",5,1,"f","Eurypanopeus depressus",251.736111111111,0,43
"740",5,1,"s","Eurypanopeus depressus",21.7013888888889,16,35.0588235294118
"741",5,1,"u","Eurypanopeus depressus",39.0625,0,36.8484848484848
"742",5,1,"w","Eurypanopeus depressus",30.3819444444444,64,27.3846153846154
"743",5,1,"f","Callinectes sapidus",26.0416666666667,0,43
"744",5,1,"s","Callinectes sapidus",13.0208333333333,16,35.0588235294118
"745",5,1,"u","Callinectes sapidus",65.1041666666667,0,36.8484848484848
"746",5,1,"w","Callinectes sapidus",4.34027777777778,64,27.3846153846154
"747",5,1,"f","Ctenogobius boleosoma",4.34027777777778,0,43
"748",5,1,"s","Pleuronectiformes",8.68055555555556,16,35.0588235294118
"749",5,1,"f","Chasmodes longimaxilla",4.34027777777778,0,43
"750",5,1,"f","Gobiosoma bosc/robustum",56.4236111111111,0,43
"751",5,1,"s","Gobiosoma bosc/robustum",8.68055555555556,16,35.0588235294118
"752",5,1,"u","Gobiosoma bosc/robustum",91.1458333333333,0,36.8484848484848
"753",5,1,"w","Gobiosoma bosc/robustum",30.3819444444444,64,27.3846153846154
"754",5,1,"s","Gobiesox strumosus",8.68055555555556,16,35.0588235294118
"755",5,1,"u","Gobiesox strumosus",13.0208333333333,0,36.8484848484848
"756",5,1,"u","Myrophis punctatus",4.34027777777778,0,36.8484848484848
"757",5,1,"f","Hypsoblennius ionthas",4.34027777777778,0,43
"758",5,1,"u","Hypsoblennius ionthas",13.0208333333333,0,36.8484848484848
"759",5,1,"s","Isopoda Idoteidae",8.68055555555556,16,35.0588235294118
"760",5,1,"s","Isopoda Anthuridae",65.1041666666667,16,35.0588235294118
"761",5,1,"f","Alitta succinea",39.0625,0,43
"762",5,1,"s","Alitta succinea",91.1458333333333,16,35.0588235294118
"763",5,1,"u","Alitta succinea",60.7638888888889,0,36.8484848484848
"764",5,1,"w","Alitta succinea",130.208333333333,64,27.3846153846154
"765",5,1,"f","Palaemonetes ",403.645833333333,0,43
"766",5,1,"s","Palaemonetes ",34.7222222222222,16,35.0588235294118
"767",5,1,"u","Palaemonetes ",525.173611111111,0,36.8484848484848
"768",5,1,"w","Palaemonetes ",69.4444444444444,64,27.3846153846154
"769",5,2,"f","Gammaridae",303.819444444444,0,43
"770",5,2,"s","Gammaridae",230.034722222222,0,35.0588235294118
"771",5,2,"u","Gammaridae",1093.75,0,36.8484848484848
"772",5,2,"w","Gammaridae",859.375,80,27.3846153846154
"773",5,2,"f","Lysianassidae",4.34027777777778,0,43
"774",5,2,"f","Corophiidae",104.166666666667,0,43
"775",5,2,"s","Corophiidae",52.0833333333333,0,35.0588235294118
"776",5,2,"u","Corophiidae",1093.75,0,36.8484848484848
"777",5,2,"w","Corophiidae",920.138888888889,80,27.3846153846154
"778",5,2,"f","Rangia flexuosa",4.34027777777778,0,43
"779",5,2,"s","Diptera Chironomidae",8.68055555555556,0,35.0588235294118
"780",5,2,"f","Eurypanopeus depressus",312.5,0,43
"781",5,2,"s","Eurypanopeus depressus",47.7430555555556,0,35.0588235294118
"782",5,2,"u","Eurypanopeus depressus",13.0208333333333,0,36.8484848484848
"783",5,2,"w","Eurypanopeus depressus",60.7638888888889,80,27.3846153846154
"784",5,2,"f","Callinectes sapidus",17.3611111111111,0,43
"785",5,2,"s","Callinectes sapidus",4.34027777777778,0,35.0588235294118
"786",5,2,"u","Callinectes sapidus",69.4444444444444,0,36.8484848484848
"787",5,2,"w","Callinectes sapidus",4.34027777777778,80,27.3846153846154
"788",5,2,"f","Gobiosoma bosc/robustum",34.7222222222222,0,43
"789",5,2,"s","Gobiosoma bosc/robustum",13.0208333333333,0,35.0588235294118
"790",5,2,"u","Gobiosoma bosc/robustum",190.972222222222,0,36.8484848484848
"791",5,2,"w","Gobiosoma bosc/robustum",34.7222222222222,80,27.3846153846154
"792",5,2,"f","Gobiesox strumosus",4.34027777777778,0,43
"793",5,2,"s","Gobiesox strumosus",4.34027777777778,0,35.0588235294118
"794",5,2,"u","Gobiesox strumosus",17.3611111111111,0,36.8484848484848
"795",5,2,"w","Myrophis punctatus",8.68055555555556,80,27.3846153846154
"796",5,2,"u","Hypsoblennius ionthas",17.3611111111111,0,36.8484848484848
"797",5,2,"w","Nemertea",4.34027777777778,80,27.3846153846154
"798",5,2,"f","Alitta succinea",34.7222222222222,0,43
"799",5,2,"s","Alitta succinea",173.611111111111,0,35.0588235294118
"800",5,2,"u","Alitta succinea",43.4027777777778,0,36.8484848484848
"801",5,2,"w","Alitta succinea",108.506944444444,80,27.3846153846154
"802",5,2,"f","Palaemonetes ",95.4861111111111,0,43
"803",5,2,"s","Palaemonetes ",95.4861111111111,0,35.0588235294118
"804",5,2,"u","Palaemonetes ",243.055555555556,0,36.8484848484848
"805",5,2,"w","Palaemonetes ",69.4444444444444,80,27.3846153846154
"806",5,2,"u","Alpheidae",4.34027777777778,0,36.8484848484848
"807",5,2,"f","Macrobrachium acanthurus",4.34027777777778,0,43
"808",5,3,"f","Gammaridae",295.138888888889,64,43
"809",5,3,"s","Gammaridae",65.1041666666667,0,35.0588235294118
"810",5,3,"u","Gammaridae",407.986111111111,96,36.8484848484848
"811",5,3,"f","Corophiidae",143.229166666667,64,43
"812",5,3,"s","Corophiidae",130.208333333333,0,35.0588235294118
"813",5,3,"u","Corophiidae",781.25,96,36.8484848484848
"814",5,3,"s","Diptera Chironomidae",17.3611111111111,0,35.0588235294118
"815",5,3,"u","Diptera Chironomidae",8.68055555555556,96,36.8484848484848
"816",5,3,"f","Eurypanopeus depressus",360.243055555556,64,43
"817",5,3,"s","Eurypanopeus depressus",43.4027777777778,0,35.0588235294118
"818",5,3,"u","Eurypanopeus depressus",26.0416666666667,96,36.8484848484848
"819",5,3,"f","Callinectes sapidus",73.7847222222222,64,43
"820",5,3,"s","Callinectes sapidus",8.68055555555556,0,35.0588235294118
"821",5,3,"u","Callinectes sapidus",30.3819444444444,96,36.8484848484848
"822",5,3,"u","Ctenogobius boleosoma",4.34027777777778,96,36.8484848484848
"823",5,3,"u","Chasmodes longimaxilla",4.34027777777778,96,36.8484848484848
"824",5,3,"f","Gobiosoma bosc/robustum",52.0833333333333,64,43
"825",5,3,"s","Gobiosoma bosc/robustum",13.0208333333333,0,35.0588235294118
"826",5,3,"u","Gobiosoma bosc/robustum",151.909722222222,96,36.8484848484848
"827",5,3,"s","Gobiesox strumosus",4.34027777777778,0,35.0588235294118
"828",5,3,"u","Gobiesox strumosus",8.68055555555556,96,36.8484848484848
"829",5,3,"u","Hypsoblennius hentz",8.68055555555556,96,36.8484848484848
"830",5,3,"u","Isopoda Idoteidae",4.34027777777778,96,36.8484848484848
"831",5,3,"s","Loxothylacus panopaei",4.34027777777778,0,35.0588235294118
"832",5,3,"f","Alitta succinea",21.7013888888889,64,43
"833",5,3,"s","Alitta succinea",78.125,0,35.0588235294118
"834",5,3,"u","Alitta succinea",21.7013888888889,96,36.8484848484848
"835",5,3,"f","Palaemonetes ",203.993055555556,64,43
"836",5,3,"s","Palaemonetes ",52.0833333333333,0,35.0588235294118
"837",5,3,"u","Palaemonetes ",269.097222222222,96,36.8484848484848
"838",5,3,"f","Penaeus setiferus",8.68055555555556,64,43
"839",5,4,"f","Gammaridae",277.777777777778,32,43
"840",5,4,"s","Gammaridae",355.902777777778,80,35.0588235294118
"841",5,4,"w","Gammaridae",312.5,0,27.3846153846154
"842",5,4,"f","Lysianassidae",8.68055555555556,32,43
"843",5,4,"f","Corophiidae",117.1875,32,43
"844",5,4,"s","Corophiidae",503.472222222222,80,35.0588235294118
"845",5,4,"w","Corophiidae",633.680555555556,0,27.3846153846154
"846",5,4,"s","Ampelisca abdita",8.68055555555556,80,35.0588235294118
"847",5,4,"f","Diptera Chironomidae",4.34027777777778,32,43
"848",5,4,"s","Diptera Chironomidae",8.68055555555556,80,35.0588235294118
"849",5,4,"w","Diptera Chironomidae",4.34027777777778,0,27.3846153846154
"850",5,4,"f","Eurypanopeus depressus",95.4861111111111,32,43
"851",5,4,"s","Eurypanopeus depressus",26.0416666666667,80,35.0588235294118
"852",5,4,"w","Eurypanopeus depressus",82.4652777777778,0,27.3846153846154
"853",5,4,"f","Callinectes sapidus",39.0625,32,43
"854",5,4,"s","Callinectes sapidus",13.0208333333333,80,35.0588235294118
"855",5,4,"f","Gobiosoma bosc/robustum",65.1041666666667,32,43
"856",5,4,"s","Gobiosoma bosc/robustum",17.3611111111111,80,35.0588235294118
"857",5,4,"w","Gobiosoma bosc/robustum",47.7430555555556,0,27.3846153846154
"858",5,4,"s","Gobiesox strumosus",4.34027777777778,80,35.0588235294118
"859",5,4,"w","Myrophis punctatus",4.34027777777778,0,27.3846153846154
"860",5,4,"f","Hypsoblennius ionthas",8.68055555555556,32,43
"861",5,4,"s","Vitta usnea",4.34027777777778,80,35.0588235294118
"862",5,4,"s","Isopoda Idoteidae",4.34027777777778,80,35.0588235294118
"863",5,4,"s","Isopoda Anthuridae",21.7013888888889,80,35.0588235294118
"864",5,4,"w","Loxothylacus panopaei",4.34027777777778,0,27.3846153846154
"865",5,4,"f","Alitta succinea",65.1041666666667,32,43
"866",5,4,"s","Alitta succinea",86.8055555555556,80,35.0588235294118
"867",5,4,"w","Alitta succinea",134.548611111111,0,27.3846153846154
"868",5,4,"f","Palaemonetes ",238.715277777778,32,43
"869",5,4,"s","Palaemonetes ",8.68055555555556,80,35.0588235294118
"870",5,4,"w","Palaemonetes ",177.951388888889,0,27.3846153846154
"871",5,4,"f","Alpheidae",4.34027777777778,32,43
"872",5,4,"s","Crepidula atrasolea",4.34027777777778,80,35.0588235294118
"873",5,5,"f","Gammaridae",256.076388888889,16,43
"874",5,5,"s","Gammaridae",104.166666666667,48,35.0588235294118
"875",5,5,"u","Gammaridae",195.3125,64,36.8484848484848
"876",5,5,"w","Gammaridae",143.229166666667,32,27.3846153846154
"877",5,5,"f","Lysianassidae",4.34027777777778,16,43
"878",5,5,"f","Corophiidae",117.1875,16,43
"879",5,5,"s","Corophiidae",82.4652777777778,48,35.0588235294118
"880",5,5,"u","Corophiidae",52.0833333333333,64,36.8484848484848
"881",5,5,"w","Corophiidae",39.0625,32,27.3846153846154
"882",5,5,"s","Ampelisca abdita",4.34027777777778,48,35.0588235294118
"883",5,5,"s","Diptera Chironomidae",13.0208333333333,48,35.0588235294118
"884",5,5,"u","Diptera Chironomidae",4.34027777777778,64,36.8484848484848
"885",5,5,"f","Eurypanopeus depressus",82.4652777777778,16,43
"886",5,5,"s","Eurypanopeus depressus",17.3611111111111,48,35.0588235294118
"887",5,5,"u","Eurypanopeus depressus",52.0833333333333,64,36.8484848484848
"888",5,5,"w","Eurypanopeus depressus",65.1041666666667,32,27.3846153846154
"889",5,5,"f","Callinectes sapidus",26.0416666666667,16,43
"890",5,5,"s","Callinectes sapidus",8.68055555555556,48,35.0588235294118
"891",5,5,"u","Callinectes sapidus",39.0625,64,36.8484848484848
"892",5,5,"w","Callinectes sapidus",8.68055555555556,32,27.3846153846154
"893",5,5,"f","Gobiosoma bosc/robustum",52.0833333333333,16,43
"894",5,5,"s","Gobiosoma bosc/robustum",39.0625,48,35.0588235294118
"895",5,5,"u","Gobiosoma bosc/robustum",91.1458333333333,64,36.8484848484848
"896",5,5,"w","Gobiosoma bosc/robustum",30.3819444444444,32,27.3846153846154
"897",5,5,"u","Gobiesox strumosus",13.0208333333333,64,36.8484848484848
"898",5,5,"u","Myrophis punctatus",8.68055555555556,64,36.8484848484848
"899",5,5,"f","Hypsoblennius ionthas",4.34027777777778,16,43
"900",5,5,"u","Hypsoblennius ionthas",8.68055555555556,64,36.8484848484848
"901",5,5,"w","Probopyrus pandalicola",4.34027777777778,32,27.3846153846154
"902",5,5,"f","Alitta succinea",39.0625,16,43
"903",5,5,"s","Alitta succinea",95.4861111111111,48,35.0588235294118
"904",5,5,"u","Alitta succinea",56.4236111111111,64,36.8484848484848
"905",5,5,"w","Alitta succinea",39.0625,32,27.3846153846154
"906",5,5,"f","Palaemonetes ",468.75,16,43
"907",5,5,"s","Palaemonetes ",30.3819444444444,48,35.0588235294118
"908",5,5,"u","Palaemonetes ",486.111111111111,64,36.8484848484848
"909",5,5,"w","Palaemonetes ",338.541666666667,32,27.3846153846154
"910",5,5,"f","Alpheidae",8.68055555555556,16,43
"911",5,6,"f","Gammaridae",143.229166666667,144,43
"912",5,6,"u","Gammaridae",147.569444444444,0,36.8484848484848
"913",5,6,"w","Gammaridae",325.520833333333,0,27.3846153846154
"914",5,6,"f","Lysianassidae",4.34027777777778,144,43
"915",5,6,"f","Corophiidae",60.7638888888889,144,43
"916",5,6,"u","Corophiidae",125.868055555556,0,36.8484848484848
"917",5,6,"w","Corophiidae",121.527777777778,0,27.3846153846154
"918",5,6,"f","Diptera Chironomidae",4.34027777777778,144,43
"919",5,6,"u","Diptera Chironomidae",13.0208333333333,0,36.8484848484848
"920",5,6,"f","Eurypanopeus depressus",156.25,144,43
"921",5,6,"u","Eurypanopeus depressus",21.7013888888889,0,36.8484848484848
"922",5,6,"w","Eurypanopeus depressus",73.7847222222222,0,27.3846153846154
"923",5,6,"f","Callinectes sapidus",13.0208333333333,144,43
"924",5,6,"u","Callinectes sapidus",39.0625,0,36.8484848484848
"925",5,6,"f","Chasmodes longimaxilla",4.34027777777778,144,43
"926",5,6,"f","Eleotris amblyopsis",4.34027777777778,144,43
"927",5,6,"w","Fundulus grandis",8.68055555555556,0,27.3846153846154
"928",5,6,"f","Gobiosoma bosc/robustum",43.4027777777778,144,43
"929",5,6,"u","Gobiosoma bosc/robustum",117.1875,0,36.8484848484848
"930",5,6,"w","Gobiosoma bosc/robustum",21.7013888888889,0,27.3846153846154
"931",5,6,"u","Gobiesox strumosus",21.7013888888889,0,36.8484848484848
"932",5,6,"f","Myrophis punctatus",4.34027777777778,144,43
"933",5,6,"u","Myrophis punctatus",8.68055555555556,0,36.8484848484848
"934",5,6,"w","Loxothylacus panopaei",4.34027777777778,0,27.3846153846154
"935",5,6,"f","Alitta succinea",43.4027777777778,144,43
"936",5,6,"u","Alitta succinea",30.3819444444444,0,36.8484848484848
"937",5,6,"w","Alitta succinea",69.4444444444444,0,27.3846153846154
"938",5,6,"f","Palaemonetes ",130.208333333333,144,43
"939",5,6,"u","Palaemonetes ",455.729166666667,0,36.8484848484848
"940",5,6,"w","Palaemonetes ",334.201388888889,0,27.3846153846154
"941",5,6,"u","Penaeus aztecus",4.34027777777778,0,36.8484848484848
"942",5,6,"u","Penaeus setiferus",4.34027777777778,0,36.8484848484848
"943",5,7,"s","Gammaridae",169.270833333333,48,35.0588235294118
"944",5,7,"u","Gammaridae",138.888888888889,48,36.8484848484848
"945",5,7,"w","Gammaridae",225.694444444444,0,27.3846153846154
"946",5,7,"s","Corophiidae",65.1041666666667,48,35.0588235294118
"947",5,7,"u","Corophiidae",86.8055555555556,48,36.8484848484848
"948",5,7,"w","Corophiidae",43.4027777777778,0,27.3846153846154
"949",5,7,"s","Ampelisca abdita",39.0625,48,35.0588235294118
"950",5,7,"w","Mulinia lateralis",4.34027777777778,0,27.3846153846154
"951",5,7,"s","Diptera Chironomidae",21.7013888888889,48,35.0588235294118
"952",5,7,"u","Diptera Chironomidae",13.0208333333333,48,36.8484848484848
"953",5,7,"s","Eurypanopeus depressus",21.7013888888889,48,35.0588235294118
"954",5,7,"u","Eurypanopeus depressus",26.0416666666667,48,36.8484848484848
"955",5,7,"w","Eurypanopeus depressus",17.3611111111111,0,27.3846153846154
"956",5,7,"s","Callinectes sapidus",4.34027777777778,48,35.0588235294118
"957",5,7,"u","Callinectes sapidus",43.4027777777778,48,36.8484848484848
"958",5,7,"w","Callinectes sapidus",13.0208333333333,0,27.3846153846154
"959",5,7,"s","Pleuronectiformes",8.68055555555556,48,35.0588235294118
"960",5,7,"w","Fundulus grandis",4.34027777777778,0,27.3846153846154
"961",5,7,"s","Gobiosoma bosc/robustum",26.0416666666667,48,35.0588235294118
"962",5,7,"u","Gobiosoma bosc/robustum",78.125,48,36.8484848484848
"963",5,7,"w","Gobiosoma bosc/robustum",39.0625,0,27.3846153846154
"964",5,7,"s","Gobiesox strumosus",8.68055555555556,48,35.0588235294118
"965",5,7,"u","Gobiesox strumosus",8.68055555555556,48,36.8484848484848
"966",5,7,"u","Hypsoblennius ionthas",8.68055555555556,48,36.8484848484848
"967",5,7,"s","Gobionellus oceanicus",4.34027777777778,48,35.0588235294118
"968",5,7,"s","Isopoda Anthuridae",13.0208333333333,48,35.0588235294118
"969",5,7,"w","Pharidae",4.34027777777778,0,27.3846153846154
"970",5,7,"w","Probopyrus pandalicola",8.68055555555556,0,27.3846153846154
"971",5,7,"s","Alitta succinea",104.166666666667,48,35.0588235294118
"972",5,7,"u","Alitta succinea",13.0208333333333,48,36.8484848484848
"973",5,7,"w","Alitta succinea",112.847222222222,0,27.3846153846154
"974",5,7,"s","Palaemonetes ",47.7430555555556,48,35.0588235294118
"975",5,7,"u","Palaemonetes ",373.263888888889,48,36.8484848484848
"976",5,7,"w","Palaemonetes ",290.798611111111,0,27.3846153846154
